integer-1,integer-1,integer-1,integer-1,decimal-1,decimal-1,decimal-1,decimal-1,varchar-4,varchar-4,date-1,date-1,date-1,varchar-28,varchar-12,varchar-48
32,442,72,3,2,2684.88,0.09,0.02,N,O,1995-08-07,1995-10-07,1995-08-23,DELIVER IN PERSON        ,AIR       , express accounts wake according to the
322,1833,77,4,10,17348.30,0.06,0.03,R,F,1992-04-12,1992-05-13,1992-04-14,DELIVER IN PERSON        ,AIR       , deposits grow slyly according to th
418,11,37,2,1,911.01,0.04,0.07,N,O,1995-06-23,1995-06-16,1995-07-23,DELIVER IN PERSON        ,AIR       ,"regular, silent pinto"
451,862,63,3,1,1762.86,0.07,0.05,N,O,1998-07-13,1998-07-03,1998-08-04,DELIVER IN PERSON        ,AIR       , carefully ironic packages solve furiously 
871,1275,50,5,8,9410.16,0.00,0.01,N,O,1995-11-25,1996-01-12,1995-12-12,DELIVER IN PERSON        ,AIR       ,lar ideas-- slyly even accou
901,453,54,2,2,2706.90,0.09,0.02,N,O,1998-10-25,1998-09-27,1998-11-01,DELIVER IN PERSON        ,AIR       ,d foxes use slyly
960,1070,6,1,1,971.07,0.07,0.00,A,F,1994-12-24,1994-10-26,1995-01-20,DELIVER IN PERSON        ,AIR       ,y ironic packages. quickly even 
1090,216,17,1,5,5581.05,0.02,0.05,N,O,1998-02-19,1997-12-25,1998-02-24,DELIVER IN PERSON        ,AIR       ,s above the 
1094,1145,46,1,9,9415.26,0.07,0.06,N,O,1997-12-28,1998-03-16,1998-01-18,DELIVER IN PERSON        ,AIR       ,as. slyly pe
1186,912,81,2,11,19942.01,0.07,0.05,N,O,1996-10-03,1996-10-21,1996-10-17,DELIVER IN PERSON        ,AIR       ,s haggle furiously; slyl
1280,1884,14,2,6,10715.28,0.05,0.06,R,F,1993-03-30,1993-02-16,1993-04-18,DELIVER IN PERSON        ,AIR       ,gular deposits 
1280,1748,75,4,5,8248.70,0.06,0.03,R,F,1993-02-03,1993-02-11,1993-02-23,DELIVER IN PERSON        ,AIR       ,beans haggle. quickly bold instructions h
1347,642,43,5,9,13883.76,0.01,0.03,N,O,1997-08-28,1997-09-16,1997-09-26,DELIVER IN PERSON        ,AIR       , detect blithely above the fina
1411,164,43,1,9,9577.44,0.06,0.04,A,F,1995-03-08,1995-03-04,1995-03-11,DELIVER IN PERSON        ,AIR       ,accounts. furiou
1447,311,68,2,6,7267.86,0.01,0.05,A,F,1992-10-24,1992-12-10,1992-11-05,DELIVER IN PERSON        ,AIR       ,as! regular packages poach above the
1539,675,38,3,7,11029.69,0.09,0.04,R,F,1995-05-14,1995-04-16,1995-05-30,DELIVER IN PERSON        ,AIR       ,. fluffily reg
1571,416,75,5,10,13164.10,0.03,0.06,R,F,1992-12-12,1993-02-13,1992-12-29,DELIVER IN PERSON        ,AIR       ,lets. carefully regular ideas wake
1635,891,92,2,8,14335.12,0.04,0.05,N,O,1997-04-30,1997-04-21,1997-05-09,DELIVER IN PERSON        ,AIR       ,ravely carefully express 
1734,1178,15,2,4,4316.68,0.06,0.03,A,F,1994-08-20,1994-07-17,1994-08-25,DELIVER IN PERSON        ,AIR       ,final warhorses.
1793,1177,86,4,4,4312.68,0.00,0.08,R,F,1992-09-27,1992-09-21,1992-10-07,DELIVER IN PERSON        ,AIR       ,equests nod ac
1827,205,6,6,7,7736.40,0.10,0.02,N,O,1996-08-28,1996-08-07,1996-08-31,DELIVER IN PERSON        ,AIR       ,egular foxes
1890,1203,15,7,10,11042.00,0.01,0.04,N,O,1996-12-24,1997-02-19,1997-01-01,DELIVER IN PERSON        ,AIR       ,". even, unusual inst"
1952,1417,96,2,6,7910.46,0.06,0.05,A,F,1994-05-09,1994-05-21,1994-05-26,DELIVER IN PERSON        ,AIR       ,packages haggle. 
1958,1018,19,3,4,3676.04,0.04,0.02,N,O,1995-10-24,1995-12-09,1995-10-28,DELIVER IN PERSON        ,AIR       ,he slyly even dependencies 
1988,538,29,3,8,11508.24,0.06,0.01,N,O,1995-10-20,1995-11-11,1995-11-18,DELIVER IN PERSON        ,AIR       ,le quickly ac
2054,104,83,7,4,4016.40,0.00,0.08,R,F,1992-08-12,1992-08-31,1992-08-15,DELIVER IN PERSON        ,AIR       ,lyly careful requests wake fl
2176,1423,2,4,2,2648.84,0.05,0.06,A,F,1993-02-26,1993-01-08,1993-03-23,DELIVER IN PERSON        ,AIR       ,s pinto beans
2209,1028,29,2,10,9290.20,0.00,0.02,R,F,1992-09-02,1992-09-24,1992-09-21,DELIVER IN PERSON        ,AIR       ,players. carefully reg
2209,1775,60,6,7,11737.39,0.09,0.07,A,F,1992-08-18,1992-09-09,1992-09-12,DELIVER IN PERSON        ,AIR       , quickly regular pack
2304,480,81,3,3,4141.44,0.00,0.05,R,F,1994-03-19,1994-03-04,1994-03-20,DELIVER IN PERSON        ,AIR       ,l excuses after the ev
2307,334,63,3,7,8640.31,0.07,0.04,R,F,1993-08-03,1993-09-04,1993-08-28,DELIVER IN PERSON        ,AIR       ,ven instructions wake fluffily 
2466,1047,83,2,10,9480.40,0.00,0.00,A,F,1994-05-08,1994-04-06,1994-06-05,DELIVER IN PERSON        ,AIR       ,"sly regular deposits. regular, regula"
2531,1478,96,1,9,12415.23,0.03,0.07,N,O,1996-07-27,1996-07-03,1996-08-01,DELIVER IN PERSON        ,AIR       ,"t the dogged, un"
2563,644,76,1,10,15446.40,0.07,0.04,A,F,1994-01-26,1993-12-19,1994-01-28,DELIVER IN PERSON        ,AIR       ,tealthily abo
2659,62,38,5,9,8658.54,0.08,0.03,A,F,1994-02-07,1994-03-17,1994-03-04,DELIVER IN PERSON        ,AIR       ,ly final packages sleep ac
2753,309,38,4,7,8465.10,0.07,0.03,R,F,1994-02-11,1994-01-22,1994-03-10,DELIVER IN PERSON        ,AIR       ,xpress ideas detect b
3174,1853,97,1,6,10529.10,0.04,0.08,N,O,1996-03-13,1996-02-09,1996-03-22,DELIVER IN PERSON        ,AIR       , furiously ironic
3366,398,99,1,4,5193.56,0.07,0.01,N,O,1997-05-20,1997-06-25,1997-06-03,DELIVER IN PERSON        ,AIR       , carefully about 
3396,1376,15,3,9,11496.33,0.01,0.06,R,F,1994-07-01,1994-08-18,1994-07-21,DELIVER IN PERSON        ,AIR       ,usly special foxes. accounts wake careful
3655,967,36,2,1,1867.96,0.10,0.06,R,F,1992-10-24,1992-12-18,1992-11-07,DELIVER IN PERSON        ,AIR       ,arefully slow pinto beans are
3779,1091,27,2,5,4960.45,0.07,0.03,N,O,1997-01-07,1997-03-26,1997-02-05,DELIVER IN PERSON        ,AIR       ,heodolites. slyly regular a
3841,1569,10,1,1,1470.56,0.06,0.03,A,F,1994-10-10,1994-11-12,1994-10-21,DELIVER IN PERSON        ,AIR       , boost even re
3905,1160,97,2,7,7428.12,0.03,0.00,R,F,1994-03-01,1994-02-19,1994-03-11,DELIVER IN PERSON        ,AIR       ,ully furiously furious packag
4227,1993,26,4,2,3789.98,0.02,0.05,R,F,1995-04-24,1995-05-09,1995-05-21,DELIVER IN PERSON        ,AIR       ,ep. specia
4295,1927,28,3,3,5486.76,0.04,0.00,N,O,1996-06-04,1996-04-24,1996-06-24,DELIVER IN PERSON        ,AIR       ,telets cajole bravely
4327,201,56,4,8,8809.60,0.04,0.08,N,F,1995-05-26,1995-05-28,1995-06-19,DELIVER IN PERSON        ,AIR       ,eodolites cajole; unusual Tiresias
4419,1318,95,3,6,7315.86,0.02,0.08,N,O,1996-06-25,1996-09-04,1996-07-20,DELIVER IN PERSON        ,AIR       ,ts wake slyly final dugou
4615,913,48,1,10,18139.10,0.02,0.08,A,F,1993-11-20,1993-10-05,1993-12-08,DELIVER IN PERSON        ,AIR       ,sits. slyly express deposits are
4640,873,73,2,9,15964.83,0.03,0.05,N,O,1996-02-12,1996-02-14,1996-02-29,DELIVER IN PERSON        ,AIR       , accounts. unu
4772,869,70,1,1,1769.86,0.10,0.00,R,F,1994-11-13,1994-10-25,1994-11-15,DELIVER IN PERSON        ,AIR       ,ans. slyly even acc
5027,1428,29,5,3,3988.26,0.03,0.06,N,O,1997-09-30,1997-11-26,1997-10-05,DELIVER IN PERSON        ,AIR       ,t the even mu
5062,747,48,2,4,6590.96,0.02,0.02,R,F,1993-02-06,1992-12-14,1993-03-03,DELIVER IN PERSON        ,AIR       ,ke furiously express theodolites. 
5409,5,81,4,9,8145.00,0.07,0.03,A,F,1992-02-15,1992-04-02,1992-02-28,DELIVER IN PERSON        ,AIR       ," unusual, unusual reques"
5504,672,35,1,4,6290.68,0.10,0.07,A,F,1993-04-30,1993-03-01,1993-05-22,DELIVER IN PERSON        ,AIR       ,into beans boost. 
5505,1547,28,3,10,14485.40,0.06,0.01,N,O,1997-10-28,1997-11-27,1997-10-29,DELIVER IN PERSON        ,AIR       , furiously special asym
5764,1872,2,3,4,7095.48,0.03,0.05,A,F,1993-10-25,1993-12-23,1993-11-06,DELIVER IN PERSON        ,AIR       ,ily regular courts haggle
6022,1170,43,3,9,9640.53,0.05,0.08,A,F,1995-02-20,1995-05-14,1995-03-02,DELIVER IN PERSON        ,AIR       ,s. packages detect furiously abou
6055,1053,54,3,9,8586.45,0.10,0.02,N,O,1997-02-25,1996-12-29,1997-03-13,DELIVER IN PERSON        ,AIR       ,ely furiously ironi
6082,975,78,2,2,3751.94,0.04,0.08,N,O,1996-05-31,1996-04-12,1996-06-13,DELIVER IN PERSON        ,AIR       , the packages. express deposits affix
6151,1146,47,2,6,6282.84,0.10,0.00,A,F,1993-10-22,1993-08-30,1993-11-11,DELIVER IN PERSON        ,AIR       ,ptotes cajole foxes; furiously un
6177,1183,56,2,8,8673.44,0.08,0.07,N,O,1997-07-10,1997-09-07,1997-07-26,DELIVER IN PERSON        ,AIR       , slyly unusua
6210,453,83,4,1,1353.45,0.07,0.03,N,O,1996-11-26,1997-01-28,1996-12-04,DELIVER IN PERSON        ,AIR       ,quests slee
6339,1473,74,4,6,8246.82,0.03,0.04,A,F,1993-03-16,1993-01-23,1993-03-30,DELIVER IN PERSON        ,AIR       ,. finally pending requests hinder furiously
6470,1847,77,7,9,15739.56,0.01,0.05,N,O,1996-01-09,1995-11-28,1996-01-20,DELIVER IN PERSON        ,AIR       , across the slyly silent
6785,1369,84,1,9,11433.24,0.05,0.07,A,F,1992-05-18,1992-07-19,1992-05-22,DELIVER IN PERSON        ,AIR       ,y bold account
6822,396,97,7,4,5185.56,0.04,0.04,N,O,1997-09-20,1997-09-09,1997-10-18,DELIVER IN PERSON        ,AIR       , slyly. theodolites wake
6886,1086,57,3,9,8883.72,0.06,0.03,R,F,1992-04-12,1992-03-17,1992-04-17,DELIVER IN PERSON        ,AIR       ,thely above th
7271,1257,32,4,8,9266.00,0.10,0.06,N,O,1998-10-06,1998-10-16,1998-11-04,DELIVER IN PERSON        ,AIR       , requests haggle. quiet deposits run blith
7591,1965,54,1,11,20536.56,0.01,0.00,R,F,1993-06-13,1993-07-24,1993-06-20,DELIVER IN PERSON        ,AIR       ,otes cajole of the carefully regular pint
7718,291,19,1,8,9530.32,0.04,0.07,N,O,1998-03-15,1998-04-07,1998-03-19,DELIVER IN PERSON        ,AIR       , cajole against the blith
7746,1562,83,1,11,16099.16,0.06,0.02,A,F,1994-02-21,1994-02-04,1994-03-20,DELIVER IN PERSON        ,AIR       ,c packages. regular
7873,170,71,1,1,1070.17,0.09,0.02,A,F,1992-08-24,1992-09-18,1992-09-13,DELIVER IN PERSON        ,AIR       , cajole slyly across the final packag
8167,240,41,3,4,4560.96,0.03,0.05,A,F,1992-11-06,1992-10-30,1992-12-05,DELIVER IN PERSON        ,AIR       ,en deposits alongside of the slyly even s
8546,799,96,3,11,18697.69,0.06,0.08,R,F,1992-06-06,1992-05-28,1992-06-23,DELIVER IN PERSON        ,AIR       ,", ironic requests sleep fluffily"
8581,416,17,2,8,10531.28,0.07,0.05,R,F,1993-08-19,1993-09-23,1993-09-01,DELIVER IN PERSON        ,AIR       ,sly according to the furiously special 
8838,1936,25,4,4,7351.72,0.04,0.00,N,O,1997-11-05,1997-11-29,1997-11-14,DELIVER IN PERSON        ,AIR       ,nstructions are among the furiously iron
8864,917,86,1,5,9089.55,0.01,0.04,N,O,1997-02-18,1997-04-26,1997-02-19,DELIVER IN PERSON        ,AIR       , final pinto beans are blithely 
8992,659,60,3,5,7798.25,0.04,0.06,A,F,1994-02-20,1994-01-30,1994-03-16,DELIVER IN PERSON        ,AIR       ,s wake some
9123,58,9,3,7,6706.35,0.00,0.06,R,F,1993-07-20,1993-09-05,1993-08-01,DELIVER IN PERSON        ,AIR       ,"ronic, bold deposits. "
9155,1294,32,1,10,11952.90,0.04,0.03,R,F,1992-11-01,1992-10-23,1992-11-23,DELIVER IN PERSON        ,AIR       , carefully. final packages 
9158,445,4,2,1,1345.44,0.07,0.00,A,F,1995-05-10,1995-06-27,1995-05-24,DELIVER IN PERSON        ,AIR       , fluffily bold deposits. blithely re
9159,1177,50,2,8,8625.36,0.06,0.08,N,O,1995-08-16,1995-09-20,1995-09-09,DELIVER IN PERSON        ,AIR       ,accounts wake. regular accou
9220,1125,62,1,1,1026.12,0.07,0.04,N,O,1998-07-06,1998-07-06,1998-08-03,DELIVER IN PERSON        ,AIR       ,s haggle among the furio
9348,668,62,1,8,12549.28,0.09,0.05,N,O,1996-08-09,1996-08-23,1996-09-06,DELIVER IN PERSON        ,AIR       ,the special pack
9443,1554,35,2,11,16011.05,0.06,0.08,N,O,1997-05-18,1997-06-27,1997-06-15,DELIVER IN PERSON        ,AIR       ,ites? quickly unusua
9732,1452,92,1,4,5413.80,0.09,0.06,N,O,1995-06-25,1995-05-26,1995-07-12,DELIVER IN PERSON        ,AIR       ,s. regular pac
9793,1417,57,2,2,2636.82,0.01,0.06,R,F,1992-05-01,1992-05-05,1992-05-03,DELIVER IN PERSON        ,AIR       ,ding theodolites abov
9794,104,57,7,8,8032.80,0.00,0.05,A,F,1992-07-01,1992-05-15,1992-07-25,DELIVER IN PERSON        ,AIR       ,ular asympto
9857,163,16,6,5,5315.80,0.09,0.00,A,F,1993-08-04,1993-06-27,1993-09-02,DELIVER IN PERSON        ,AIR       ,ongside of the fin
10338,400,1,1,2,2600.80,0.05,0.06,N,O,1995-08-01,1995-09-02,1995-08-07,DELIVER IN PERSON        ,AIR       , deposits integrate slyly slyly unusual i
10597,1084,85,3,6,5910.48,0.06,0.03,N,O,1996-09-24,1996-10-30,1996-10-03,DELIVER IN PERSON        ,AIR       ,iously final depths boost bold requests. d
10692,1319,58,2,3,3660.93,0.07,0.06,R,F,1994-10-04,1994-09-19,1994-10-09,DELIVER IN PERSON        ,AIR       ,"he fluffy, unusual accounts. blithel"
10854,785,82,1,3,5057.34,0.08,0.05,N,O,1998-08-11,1998-07-30,1998-08-17,DELIVER IN PERSON        ,AIR       ,"ing to the ironic, final foxes. special ac"
11013,441,71,1,2,2682.88,0.08,0.05,R,F,1994-07-24,1994-06-09,1994-08-02,DELIVER IN PERSON        ,AIR       ,ges nag slyly even 
11201,1767,68,1,2,3337.52,0.05,0.04,N,O,1996-12-21,1997-02-21,1996-12-27,DELIVER IN PERSON        ,AIR       ,ns. regular i
11456,1227,28,2,6,6769.32,0.04,0.03,A,F,1993-06-20,1993-07-12,1993-06-21,DELIVER IN PERSON        ,AIR       ,ly even packages grow. furiou
11460,321,78,1,6,7327.92,0.07,0.06,A,F,1993-11-14,1993-10-31,1993-11-25,DELIVER IN PERSON        ,AIR       ,packages. blithely pending ideas i
11522,348,77,2,5,6241.70,0.03,0.00,A,F,1993-10-10,1993-11-13,1993-10-19,DELIVER IN PERSON        ,AIR       , foxes. express packages
11680,692,24,7,9,14334.21,0.09,0.02,R,F,1994-12-20,1994-11-29,1995-01-19,DELIVER IN PERSON        ,AIR       ,ently ironic grouches after the 
11841,1859,3,5,4,7043.40,0.03,0.01,A,F,1993-08-01,1993-07-08,1993-08-09,DELIVER IN PERSON        ,AIR       ,iously silent the
11876,1598,19,5,2,2999.18,0.00,0.07,N,O,1995-10-12,1995-09-19,1995-11-04,DELIVER IN PERSON        ,AIR       ,heaves-- slyly fluffy deposits sleep
11936,849,50,2,5,8749.20,0.08,0.06,N,O,1996-01-05,1995-10-25,1996-01-22,DELIVER IN PERSON        ,AIR       ,the ironic instructions. quickly i
12039,1370,71,7,10,12713.70,0.10,0.07,R,F,1993-08-05,1993-08-31,1993-08-07,DELIVER IN PERSON        ,AIR       ,instructions
12416,601,2,1,7,10511.20,0.10,0.05,R,F,1993-10-18,1993-09-01,1993-10-27,DELIVER IN PERSON        ,AIR       ,packages. slyly un
12768,806,7,5,10,17068.00,0.06,0.07,R,F,1994-04-23,1994-05-10,1994-05-21,DELIVER IN PERSON        ,AIR       ,ly alongside o
12775,1035,6,2,9,8424.27,0.06,0.02,N,O,1996-10-24,1996-12-11,1996-10-31,DELIVER IN PERSON        ,AIR       , express hockey players sleep fur
12839,458,59,5,5,6792.25,0.10,0.04,N,O,1998-02-14,1998-02-19,1998-03-11,DELIVER IN PERSON        ,AIR       ,express accounts b
12960,1374,51,3,8,10202.96,0.01,0.02,R,F,1994-01-05,1993-11-27,1994-02-01,DELIVER IN PERSON        ,AIR       ,"its cajole. special, bold requests "
13122,806,6,2,8,13654.40,0.09,0.02,A,F,1995-01-15,1994-11-23,1995-01-19,DELIVER IN PERSON        ,AIR       ,carefully 
13155,303,88,1,5,6016.50,0.06,0.01,N,O,1996-07-15,1996-08-27,1996-07-22,DELIVER IN PERSON        ,AIR       ,haggle slyly final hockey pla
13315,25,76,3,8,7400.16,0.00,0.05,N,O,1996-12-27,1997-01-01,1996-12-31,DELIVER IN PERSON        ,AIR       ,olites. careful
13377,1474,14,2,1,1375.47,0.02,0.00,N,O,1995-11-17,1995-09-30,1995-12-07,DELIVER IN PERSON        ,AIR       ,lthy excuses.
13382,74,75,3,1,974.07,0.09,0.08,N,O,1996-01-05,1996-01-16,1996-01-18,DELIVER IN PERSON        ,AIR       ,s detect closely a
13472,1960,5,2,3,5585.88,0.06,0.02,N,O,1996-02-19,1996-01-09,1996-03-15,DELIVER IN PERSON        ,AIR       ,slyly after the carefully
13543,1126,99,2,7,7189.84,0.02,0.05,A,F,1992-08-28,1992-10-15,1992-09-08,DELIVER IN PERSON        ,AIR       ,ously bold multipliers 
13600,71,97,2,7,6797.49,0.06,0.05,A,F,1993-08-16,1993-09-01,1993-08-24,DELIVER IN PERSON        ,AIR       ,ests. ironic instructions 
13632,1207,19,2,1,1108.20,0.04,0.08,R,F,1994-03-20,1994-05-21,1994-04-13,DELIVER IN PERSON        ,AIR       ,ons. instructions are ca
13733,1116,89,4,3,3051.33,0.10,0.07,N,O,1998-03-12,1998-02-16,1998-03-31,DELIVER IN PERSON        ,AIR       ,ly express excuse
13798,137,90,3,11,11408.43,0.01,0.02,N,O,1996-06-02,1996-04-10,1996-06-20,DELIVER IN PERSON        ,AIR       ,. ironic ide
13861,1243,44,7,9,10298.16,0.05,0.05,A,F,1993-11-10,1993-09-24,1993-11-21,DELIVER IN PERSON        ,AIR       ,ual theodolites haggle furiously until th
14181,77,28,5,3,2931.21,0.00,0.01,N,O,1998-05-04,1998-04-08,1998-05-20,DELIVER IN PERSON        ,AIR       ,ly regular ideas cajole fluffi
14211,1922,11,5,3,5471.76,0.05,0.03,A,F,1994-03-26,1994-05-07,1994-04-03,DELIVER IN PERSON        ,AIR       ,lar excuses boost. slyly pen
14309,1901,90,3,10,18029.00,0.07,0.01,R,F,1994-05-06,1994-04-16,1994-06-01,DELIVER IN PERSON        ,AIR       ,detect fluffily along the 
14403,1375,76,3,7,8934.59,0.04,0.02,N,O,1998-06-25,1998-05-12,1998-07-18,DELIVER IN PERSON        ,AIR       ,lyly ironic asymptotes. fluffily regular 
14598,573,64,5,7,10314.99,0.06,0.02,N,O,1998-03-18,1998-04-28,1998-04-02,DELIVER IN PERSON        ,AIR       ,lithely even dependencie
14720,1563,44,2,4,5858.24,0.00,0.01,A,F,1993-09-11,1993-11-27,1993-09-26,DELIVER IN PERSON        ,AIR       ,ly silent requests wake fluf
14758,1134,43,2,9,9316.17,0.10,0.08,R,F,1994-02-06,1994-01-10,1994-02-12,DELIVER IN PERSON        ,AIR       ,al deposits wake blit
14790,242,43,4,4,4568.96,0.06,0.00,N,O,1996-09-23,1996-11-01,1996-09-28,DELIVER IN PERSON        ,AIR       ,fily ironic dinos c
14854,1836,66,2,3,5213.49,0.00,0.07,R,F,1993-08-27,1993-07-26,1993-09-09,DELIVER IN PERSON        ,AIR       , ironic pinto beans use blithely around 
15143,787,52,1,7,11814.46,0.08,0.06,N,O,1998-09-19,1998-07-09,1998-10-15,DELIVER IN PERSON        ,AIR       ,lyly ironic requests. quickly regular
15269,359,16,5,3,3778.05,0.09,0.04,N,O,1996-09-25,1996-11-15,1996-10-03,DELIVER IN PERSON        ,AIR       ,tions lose fluffily be
15332,1231,69,3,2,2264.46,0.01,0.01,A,F,1993-09-25,1993-07-16,1993-10-19,DELIVER IN PERSON        ,AIR       , haggle furiously regular acco
15652,970,73,2,9,16838.73,0.02,0.05,R,F,1993-05-09,1993-04-16,1993-05-20,DELIVER IN PERSON        ,AIR       ,counts. unusual excuses hag
15750,550,81,3,6,8703.30,0.05,0.08,N,O,1997-09-22,1997-07-07,1997-10-09,DELIVER IN PERSON        ,AIR       ,arefully unusual packages sleep into t
15809,108,61,2,6,6048.60,0.07,0.00,N,O,1995-11-05,1995-11-03,1995-12-02,DELIVER IN PERSON        ,AIR       ,eposits dazzl
15840,1552,73,4,11,15989.05,0.07,0.07,N,O,1998-03-04,1998-04-08,1998-03-25,DELIVER IN PERSON        ,AIR       ,old theodolites are blithely
16547,1613,37,4,5,7573.05,0.01,0.04,A,F,1994-05-14,1994-03-29,1994-05-15,DELIVER IN PERSON        ,AIR       ,grate furiously alongside of the slyly
16642,1077,78,2,8,7824.56,0.02,0.01,R,F,1995-04-20,1995-04-07,1995-05-15,DELIVER IN PERSON        ,AIR       ,"posits. asymptotes nag. brave, unusual "
16903,1228,66,3,9,10162.98,0.03,0.05,N,O,1997-07-31,1997-10-20,1997-08-27,DELIVER IN PERSON        ,AIR       , courts over the slyly regular requests run
17026,1835,79,4,2,3473.66,0.04,0.04,N,O,1996-07-16,1996-08-28,1996-08-04,DELIVER IN PERSON        ,AIR       ,ular requests. furiousl
17221,605,6,1,1,1505.60,0.08,0.04,R,F,1994-08-28,1994-08-18,1994-09-27,DELIVER IN PERSON        ,AIR       ,n excuses cajole. 
17379,1371,48,2,9,11451.33,0.09,0.07,N,O,1995-08-19,1995-10-08,1995-08-23,DELIVER IN PERSON        ,AIR       ,its affix aro
17796,128,29,2,7,7196.84,0.00,0.04,N,F,1995-05-28,1995-05-29,1995-06-22,DELIVER IN PERSON        ,AIR       ,"ely. unusual, furious escapades cajo"
17953,1304,19,4,1,1205.30,0.10,0.04,R,F,1992-09-24,1992-11-13,1992-10-07,DELIVER IN PERSON        ,AIR       ,"bold instructions are. express, bold inst"
18183,1548,89,1,10,14495.40,0.08,0.08,N,O,1997-02-06,1997-01-30,1997-02-24,DELIVER IN PERSON        ,AIR       ,fily packages. caref
18343,1650,74,1,8,12413.20,0.10,0.01,N,O,1998-07-17,1998-06-22,1998-08-03,DELIVER IN PERSON        ,AIR       ,ithely pen
18528,1773,74,5,4,6699.08,0.06,0.03,N,O,1995-07-13,1995-06-14,1995-07-31,DELIVER IN PERSON        ,AIR       ,ccounts detect furiously deposi
18562,231,13,3,2,2262.46,0.05,0.00,N,O,1996-04-17,1996-02-07,1996-05-06,DELIVER IN PERSON        ,AIR       , slyly final theodolites. accounts believ
18657,884,18,6,1,1784.88,0.10,0.05,N,O,1997-02-27,1997-03-20,1997-03-17,DELIVER IN PERSON        ,AIR       ,ithely regular dependencies na
19203,200,53,4,6,6601.20,0.10,0.06,N,O,1996-10-10,1996-09-07,1996-10-30,DELIVER IN PERSON        ,AIR       ,thely furiously enticing account
19234,420,21,2,8,10563.36,0.07,0.08,A,F,1994-04-24,1994-04-12,1994-05-19,DELIVER IN PERSON        ,AIR       ,y pending requests. carefully b
19335,616,48,3,10,15166.10,0.03,0.07,N,O,1997-10-09,1997-11-29,1997-11-02,DELIVER IN PERSON        ,AIR       ,ly ironic theodolites use furiously reg
19808,695,89,2,2,3191.38,0.00,0.04,N,O,1996-08-01,1996-08-20,1996-08-11,DELIVER IN PERSON        ,AIR       ,"the slyly even pinto beans. pending, "
20003,1421,22,2,10,13224.20,0.09,0.07,R,F,1992-04-20,1992-04-23,1992-05-04,DELIVER IN PERSON        ,AIR       , blithely regula
20129,1931,32,1,4,7331.72,0.04,0.04,N,O,1997-06-04,1997-07-05,1997-06-24,DELIVER IN PERSON        ,AIR       ,e above the carefully final
20450,916,19,2,5,9084.55,0.06,0.06,R,F,1993-04-05,1993-01-25,1993-04-23,DELIVER IN PERSON        ,AIR       ,daring instructions haggle quickl
20612,1082,18,4,4,3932.32,0.08,0.04,N,O,1997-01-03,1997-02-02,1997-01-17,DELIVER IN PERSON        ,AIR       ,aters arou
20772,1511,32,3,11,15537.61,0.00,0.03,A,F,1993-09-27,1993-08-10,1993-09-29,DELIVER IN PERSON        ,AIR       ,x-ray. fluffily bold deposits caj
20835,5,31,2,1,905.00,0.02,0.08,N,O,1996-03-18,1996-03-17,1996-04-01,DELIVER IN PERSON        ,AIR       ,dependencies between the carefull
20999,839,39,5,2,3479.66,0.06,0.02,N,O,1997-08-07,1997-06-03,1997-08-24,DELIVER IN PERSON        ,AIR       ,. furiously eve
21125,1063,34,3,8,7712.48,0.10,0.03,A,F,1995-03-16,1995-03-31,1995-04-08,DELIVER IN PERSON        ,AIR       ,ts affix q
21408,687,19,1,9,14289.12,0.02,0.02,N,O,1997-12-12,1997-11-15,1998-01-03,DELIVER IN PERSON        ,AIR       , unusual accounts wake fur
21826,1100,36,4,1,1001.10,0.10,0.08,N,O,1996-06-12,1996-04-27,1996-06-23,DELIVER IN PERSON        ,AIR       ,final packages. carefully unusu
21889,184,11,5,11,11925.98,0.02,0.00,A,F,1993-07-17,1993-05-17,1993-07-30,DELIVER IN PERSON        ,AIR       ,ubt furiou
22114,884,18,1,1,1784.88,0.08,0.06,N,O,1996-04-02,1996-05-16,1996-05-01,DELIVER IN PERSON        ,AIR       ,", ironic platelets. slyly regular r"
22116,742,75,5,6,9856.44,0.01,0.03,N,O,1996-08-20,1996-09-28,1996-09-02,DELIVER IN PERSON        ,AIR       ,egular requests wake 
22117,79,5,4,2,1958.14,0.01,0.06,A,F,1993-10-03,1993-10-03,1993-11-02,DELIVER IN PERSON        ,AIR       ,cies. even theodolites a
22211,1076,82,3,3,2931.21,0.07,0.06,N,O,1995-12-14,1995-12-31,1996-01-13,DELIVER IN PERSON        ,AIR       ,s grow. foxes shall sleep
22245,220,2,2,2,2240.44,0.06,0.01,R,F,1994-06-19,1994-07-20,1994-07-01,DELIVER IN PERSON        ,AIR       ,ously even sauternes. carefully final
22337,226,81,3,3,3378.66,0.00,0.04,N,O,1996-06-01,1996-05-23,1996-06-21,DELIVER IN PERSON        ,AIR       , dolphins. slyly even 
22371,364,49,2,8,10114.88,0.08,0.07,A,F,1994-06-10,1994-06-29,1994-06-20,DELIVER IN PERSON        ,AIR       ,ments. quickly sile
22371,1600,41,3,1,1501.60,0.03,0.03,R,F,1994-05-01,1994-06-06,1994-05-19,DELIVER IN PERSON        ,AIR       ,ding instructions cajole ironic request
22595,522,23,7,2,2845.04,0.09,0.06,N,O,1996-05-01,1996-06-11,1996-05-06,DELIVER IN PERSON        ,AIR       , slyly final requests cajole blith
22689,1130,31,1,9,9280.17,0.01,0.08,N,O,1996-01-05,1996-01-06,1996-02-01,DELIVER IN PERSON        ,AIR       ,longside of the careful
22788,236,91,4,3,3408.69,0.03,0.03,N,O,1998-06-07,1998-07-21,1998-07-04,DELIVER IN PERSON        ,AIR       ,depths: fluffily regular warthogs
23136,125,52,2,11,11276.32,0.05,0.02,R,F,1994-12-11,1994-11-07,1994-12-12,DELIVER IN PERSON        ,AIR       , furiously acr
23141,490,49,2,9,12514.41,0.01,0.03,N,O,1997-10-11,1997-11-05,1997-10-20,DELIVER IN PERSON        ,AIR       ,cajole furiously around the 
23235,109,36,3,5,5045.50,0.03,0.08,N,O,1995-08-22,1995-08-11,1995-08-25,DELIVER IN PERSON        ,AIR       ,ecial packages cajole carefull
23366,1805,6,3,5,8534.00,0.06,0.01,R,F,1993-12-09,1994-01-10,1993-12-13,DELIVER IN PERSON        ,AIR       ,equests. slyly careful idea
23427,1230,42,1,2,2262.46,0.00,0.08,N,O,1995-11-06,1995-10-23,1995-11-10,DELIVER IN PERSON        ,AIR       ,usly slyly unusual theodolites. slyly ex
23521,1055,56,3,6,5736.30,0.04,0.06,N,O,1998-04-02,1998-05-04,1998-04-04,DELIVER IN PERSON        ,AIR       , pending pinto 
23618,1098,4,1,4,3996.36,0.08,0.03,R,F,1993-01-14,1992-12-31,1993-01-17,DELIVER IN PERSON        ,AIR       ,boldly special requests use quic
23686,38,39,1,7,6566.21,0.01,0.01,N,O,1996-12-05,1997-01-26,1996-12-25,DELIVER IN PERSON        ,AIR       ,eposits after the furious
23749,928,97,4,4,7315.68,0.00,0.00,N,O,1997-05-21,1997-03-08,1997-06-01,DELIVER IN PERSON        ,AIR       ,s haggle slyly again
24165,371,100,1,7,8899.59,0.05,0.02,R,F,1995-03-15,1995-01-22,1995-03-28,DELIVER IN PERSON        ,AIR       , the unusual request
24230,1884,85,3,6,10715.28,0.05,0.01,N,O,1997-02-06,1996-12-21,1997-03-06,DELIVER IN PERSON        ,AIR       ,carefully bold deposits al
24294,1699,41,3,5,8003.45,0.05,0.07,R,F,1994-10-13,1994-10-21,1994-10-28,DELIVER IN PERSON        ,AIR       ,slyly clos
24421,224,79,2,9,10117.98,0.06,0.02,N,O,1997-09-10,1997-09-27,1997-09-14,DELIVER IN PERSON        ,AIR       ,ouches cajole quickly unusual de
24519,805,6,5,9,15352.20,0.03,0.03,N,O,1995-07-03,1995-08-12,1995-07-20,DELIVER IN PERSON        ,AIR       ,ests cajole slyly fu
24579,443,2,3,6,8060.64,0.07,0.08,R,F,1993-01-23,1992-12-26,1993-02-16,DELIVER IN PERSON        ,AIR       ,lly. bold pinto beans eat ca
24711,1588,29,2,3,4468.74,0.05,0.06,R,F,1993-01-29,1992-12-10,1993-02-14,DELIVER IN PERSON        ,AIR       ,riously special cou
24743,997,66,3,11,20877.89,0.10,0.01,R,F,1992-08-28,1992-09-04,1992-09-19,DELIVER IN PERSON        ,AIR       , regular theodolites sleep
24994,1707,50,1,11,17695.70,0.09,0.03,N,O,1998-10-17,1998-09-13,1998-11-12,DELIVER IN PERSON        ,AIR       , doze fluffily along the carefully final d
25030,929,64,3,4,7319.68,0.05,0.04,N,O,1998-10-24,1998-09-26,1998-10-29,DELIVER IN PERSON        ,AIR       ,pending accounts nag quickly alongside of 
25060,1109,46,4,9,9090.90,0.06,0.04,A,F,1994-08-17,1994-08-21,1994-09-11,DELIVER IN PERSON        ,AIR       ,asymptotes. pending instructi
25159,745,78,1,4,6582.96,0.00,0.03,N,O,1996-05-02,1996-05-30,1996-05-19,DELIVER IN PERSON        ,AIR       ,ronic deposits. furiously regular 
25509,1421,22,1,4,5289.68,0.08,0.06,R,F,1994-07-25,1994-07-15,1994-07-28,DELIVER IN PERSON        ,AIR       ,ets wake. furiously reg
25607,1616,58,1,7,10623.27,0.01,0.03,N,O,1997-03-12,1997-02-09,1997-04-09,DELIVER IN PERSON        ,AIR       , about the f
25731,1195,4,4,6,6577.14,0.00,0.03,A,F,1994-05-05,1994-06-19,1994-05-25,DELIVER IN PERSON        ,AIR       ,ithely unusual deposits. blithely
25764,1816,17,1,4,6871.24,0.08,0.02,N,O,1997-11-28,1997-12-17,1997-12-28,DELIVER IN PERSON        ,AIR       ,uses according to the fluffily
25796,1882,83,1,2,3567.76,0.06,0.01,A,F,1993-04-05,1993-02-23,1993-04-19,DELIVER IN PERSON        ,AIR       ,aggle according to the furiously re
25921,377,78,1,1,1277.37,0.07,0.03,N,O,1997-10-02,1997-07-20,1997-10-07,DELIVER IN PERSON        ,AIR       ,. quickly stealthy 
26017,1678,79,1,6,9478.02,0.01,0.02,N,O,1998-08-30,1998-07-20,1998-09-18,DELIVER IN PERSON        ,AIR       , carefully iro
26144,1804,48,6,6,10234.80,0.10,0.04,N,O,1996-01-18,1995-12-18,1996-01-29,DELIVER IN PERSON        ,AIR       ,slyly final 
26215,137,38,5,10,10371.30,0.07,0.05,N,O,1995-09-06,1995-08-11,1995-09-25,DELIVER IN PERSON        ,AIR       ,d haggle blithely requests. q
26305,400,85,7,4,5201.60,0.06,0.04,A,F,1993-12-07,1994-02-08,1993-12-12,DELIVER IN PERSON        ,AIR       ,the silent packages cajo
26404,1452,53,7,9,12181.05,0.10,0.03,N,O,1997-01-10,1997-03-18,1997-02-02,DELIVER IN PERSON        ,AIR       ,nal accounts beli
26465,755,56,4,6,9934.50,0.05,0.01,N,O,1997-02-22,1997-04-25,1997-03-01,DELIVER IN PERSON        ,AIR       ,lithely. pending ideas sleep. ironic th
26533,925,60,2,7,12781.44,0.09,0.06,A,F,1993-08-10,1993-07-13,1993-08-21,DELIVER IN PERSON        ,AIR       ,"e across the stealthy, regular "
26628,399,100,6,5,6496.95,0.03,0.06,N,O,1997-02-20,1997-03-19,1997-03-10,DELIVER IN PERSON        ,AIR       ,ts. blithely 
26723,248,30,1,10,11482.40,0.02,0.07,R,F,1995-03-29,1995-05-12,1995-04-24,DELIVER IN PERSON        ,AIR       ,"refully across the ironic,"
26723,1482,22,4,10,13834.80,0.06,0.03,N,F,1995-06-10,1995-05-30,1995-06-26,DELIVER IN PERSON        ,AIR       ,r packages. deposits against the q
26759,752,53,1,5,8263.75,0.02,0.08,A,F,1992-02-13,1992-03-13,1992-02-27,DELIVER IN PERSON        ,AIR       , foxes. never sile
26785,248,3,5,3,3444.72,0.10,0.03,N,O,1996-08-03,1996-08-02,1996-08-28,DELIVER IN PERSON        ,AIR       ,ts sleep carefully bold accounts. qu
26786,260,88,1,11,12762.86,0.02,0.01,R,F,1993-07-11,1993-06-24,1993-07-17,DELIVER IN PERSON        ,AIR       ,wake slyly regular
26822,1548,89,3,9,13045.86,0.05,0.08,R,F,1994-06-10,1994-07-03,1994-07-07,DELIVER IN PERSON        ,AIR       ,he pending accounts. regu
26912,237,38,2,1,1137.23,0.09,0.04,A,F,1992-05-14,1992-06-13,1992-05-17,DELIVER IN PERSON        ,AIR       ,ld deposits haggle slyly carefully unusua
27335,1877,64,3,3,5336.61,0.07,0.01,A,F,1994-01-28,1994-01-14,1994-02-10,DELIVER IN PERSON        ,AIR       ,quests nag. fluffily even i
27456,1006,42,4,1,907.00,0.04,0.00,A,F,1994-07-13,1994-06-01,1994-08-12,DELIVER IN PERSON        ,AIR       ,ges doubt quickly upon t
27555,1147,48,3,4,4192.56,0.01,0.01,R,F,1994-10-15,1994-11-23,1994-11-04,DELIVER IN PERSON        ,AIR       ,ld excuses wake. fluffily final ideas s
28037,1116,89,4,10,10171.10,0.09,0.06,A,F,1995-02-01,1995-02-03,1995-02-28,DELIVER IN PERSON        ,AIR       ,ts. even requests acco
28064,1097,68,6,10,9980.90,0.07,0.05,R,F,1993-09-07,1993-11-27,1993-09-23,DELIVER IN PERSON        ,AIR       ,al requests. blit
28100,452,11,3,6,8114.70,0.03,0.08,N,O,1996-02-28,1996-01-15,1996-03-24,DELIVER IN PERSON        ,AIR       ,l packages sleep among the bo
28129,966,69,6,5,9334.80,0.05,0.08,R,F,1992-02-09,1992-03-07,1992-02-10,DELIVER IN PERSON        ,AIR       ,nal packages are. packages amo
28163,80,6,3,8,7840.64,0.07,0.03,A,F,1994-09-02,1994-10-29,1994-09-14,DELIVER IN PERSON        ,AIR       ,"uests haggle furiously regular, ironic "
28546,216,98,1,11,12278.31,0.02,0.04,R,F,1992-10-29,1992-12-07,1992-11-22,DELIVER IN PERSON        ,AIR       ,sits. caref
28672,1326,27,5,4,4909.28,0.03,0.06,N,O,1996-04-07,1996-01-18,1996-05-04,DELIVER IN PERSON        ,AIR       ,e quickly even asym
28930,364,21,3,8,10114.88,0.07,0.05,N,O,1997-12-19,1998-03-09,1997-12-31,DELIVER IN PERSON        ,AIR       ,leep slyly according to the blithely 
28932,1677,1,3,2,3157.34,0.09,0.06,A,F,1993-09-10,1993-08-23,1993-10-05,DELIVER IN PERSON        ,AIR       ,ly. slyly regular theodolites alongside of 
29025,1353,92,1,9,11289.15,0.08,0.01,A,F,1994-09-13,1994-08-21,1994-09-27,DELIVER IN PERSON        ,AIR       ,lyly. furiously ironic dinos wake quickl
29152,1119,28,2,6,6120.66,0.10,0.08,N,O,1995-08-26,1995-08-30,1995-09-09,DELIVER IN PERSON        ,AIR       ,"unusual, bold realms sleep accoun"
29280,1468,47,1,2,2738.92,0.01,0.00,A,F,1992-04-05,1992-06-10,1992-05-04,DELIVER IN PERSON        ,AIR       ,unts. pains nod furiously. 
29316,1413,31,5,1,1314.41,0.09,0.00,N,O,1997-06-13,1997-07-26,1997-06-24,DELIVER IN PERSON        ,AIR       ,hely even ideas. slyly special pinto beans 
29318,134,61,2,9,9307.17,0.03,0.03,N,O,1995-09-28,1995-08-24,1995-10-18,DELIVER IN PERSON        ,AIR       ," final, regular instructions cajole furio"
29444,618,19,4,8,12148.88,0.05,0.02,N,O,1996-08-09,1996-09-12,1996-08-20,DELIVER IN PERSON        ,AIR       ,ans sleep among
29632,42,18,2,1,942.04,0.08,0.08,R,F,1993-12-03,1993-09-22,1994-01-02,DELIVER IN PERSON        ,AIR       ,boost quickly. pinto beans above the sl
29890,362,63,2,1,1262.36,0.03,0.00,A,F,1993-06-16,1993-06-03,1993-07-06,DELIVER IN PERSON        ,AIR       ,ges haggle fluffily above the instructions.
30022,785,18,5,9,15172.02,0.02,0.05,N,O,1996-07-21,1996-07-30,1996-08-16,DELIVER IN PERSON        ,AIR       ,l sentiment
30052,204,59,3,8,8833.60,0.07,0.00,N,O,1998-07-01,1998-05-05,1998-07-04,DELIVER IN PERSON        ,AIR       ,luffily regular foxes wak
30499,325,54,3,6,7351.92,0.04,0.01,R,F,1992-11-04,1993-01-01,1992-11-12,DELIVER IN PERSON        ,AIR       ,telets. quickly ironic dependencies use.
30532,1571,72,3,2,2945.14,0.08,0.01,N,O,1996-03-02,1996-02-21,1996-03-26,DELIVER IN PERSON        ,AIR       ,h slyly daring requests. stealthily 
30689,1865,52,2,4,7067.44,0.06,0.07,N,O,1996-10-31,1996-11-27,1996-11-21,DELIVER IN PERSON        ,AIR       ,players. fluffil
30821,861,62,3,1,1761.86,0.05,0.00,R,F,1994-01-27,1994-03-04,1994-02-18,DELIVER IN PERSON        ,AIR       ,e quickly bold excuses wake carefully 
30884,1241,53,1,11,12564.64,0.08,0.08,R,F,1993-11-02,1993-11-12,1993-11-26,DELIVER IN PERSON        ,AIR       ,esides the foxes. fl
31200,227,82,3,2,2254.44,0.00,0.08,N,O,1996-12-23,1996-10-12,1997-01-01,DELIVER IN PERSON        ,AIR       ,pendencies haggle
31393,20,96,6,2,1840.04,0.10,0.04,A,F,1992-09-04,1992-07-08,1992-09-29,DELIVER IN PERSON        ,AIR       , quickly regular accounts kindle
31942,1331,70,1,6,7393.98,0.00,0.04,N,O,1997-02-14,1997-01-17,1997-03-05,DELIVER IN PERSON        ,AIR       ,und the asymptotes. gifts sl
31968,1091,62,4,6,5952.54,0.00,0.03,N,O,1998-08-18,1998-08-02,1998-09-06,DELIVER IN PERSON        ,AIR       , pending dependencies a
32133,512,3,4,10,14125.10,0.04,0.02,N,O,1997-07-08,1997-08-18,1997-07-09,DELIVER IN PERSON        ,AIR       ,ccounts. regularly close deposits 
32291,360,61,1,8,10082.88,0.03,0.05,A,F,1995-02-20,1995-02-03,1995-02-26,DELIVER IN PERSON        ,AIR       ,ts integrate quickly. carefu
32742,1844,74,4,11,19204.24,0.04,0.03,N,O,1998-09-02,1998-07-30,1998-09-09,DELIVER IN PERSON        ,AIR       ," carefully among the permanent, "
32804,594,95,1,11,16440.49,0.03,0.08,A,F,1992-10-01,1992-12-06,1992-10-18,DELIVER IN PERSON        ,AIR       ,cial requests grow slyly behind th
32869,1924,25,1,10,18259.20,0.02,0.04,R,F,1994-07-23,1994-05-12,1994-08-02,DELIVER IN PERSON        ,AIR       ,hily special pa
33092,1836,66,5,2,3475.66,0.07,0.02,N,O,1997-04-27,1997-05-11,1997-05-25,DELIVER IN PERSON        ,AIR       , even Tiresias. bra
33411,387,44,1,7,9011.66,0.00,0.07,N,O,1998-02-02,1998-04-02,1998-02-03,DELIVER IN PERSON        ,AIR       ,aring ideas. accounts haggle blithely. qu
33633,1040,76,4,10,9410.40,0.01,0.00,N,O,1996-10-11,1996-10-02,1996-10-16,DELIVER IN PERSON        ,AIR       ,es are care
34113,1414,32,1,8,10523.28,0.02,0.06,N,O,1998-04-13,1998-05-14,1998-04-29,DELIVER IN PERSON        ,AIR       ,ans nag special accounts. blithely ir
34311,710,75,4,6,9664.26,0.10,0.07,A,F,1994-11-07,1994-11-09,1994-11-21,DELIVER IN PERSON        ,AIR       ,lar requests. blithely ironic waters na
34375,848,49,6,6,10493.04,0.05,0.06,R,F,1994-04-24,1994-03-06,1994-04-30,DELIVER IN PERSON        ,AIR       , bold platelets use slyly quickly even
34401,1088,89,3,6,5934.48,0.07,0.08,N,O,1996-06-11,1996-05-03,1996-06-16,DELIVER IN PERSON        ,AIR       ,lly among the slyly regular foxes. pending 
34660,302,31,1,5,6011.50,0.07,0.01,N,O,1995-12-05,1995-11-28,1995-12-18,DELIVER IN PERSON        ,AIR       ,sits. fluffil
34694,1421,39,1,5,6612.10,0.08,0.02,N,O,1995-08-17,1995-07-24,1995-09-04,DELIVER IN PERSON        ,AIR       ,quickly final requests affix furiously 
34948,830,30,4,11,19039.13,0.08,0.03,A,F,1993-03-07,1993-02-20,1993-03-19,DELIVER IN PERSON        ,AIR       , the accoun
35044,96,72,4,7,6972.63,0.04,0.05,N,O,1997-05-10,1997-07-28,1997-05-11,DELIVER IN PERSON        ,AIR       ,eas! quickly ironic requests use up 
35106,606,69,4,2,3013.20,0.06,0.03,N,O,1995-10-18,1995-08-10,1995-11-04,DELIVER IN PERSON        ,AIR       ,ular pinto beans 
35107,98,99,3,8,7984.72,0.06,0.05,A,F,1995-01-09,1994-10-21,1995-01-26,DELIVER IN PERSON        ,AIR       ,nts are slyl
35111,1231,6,4,4,4528.92,0.04,0.08,R,F,1993-06-17,1993-07-11,1993-06-20,DELIVER IN PERSON        ,AIR       ,"ideas. ironic, un"
35202,951,52,4,9,16667.55,0.10,0.07,N,O,1997-09-05,1997-08-23,1997-09-08,DELIVER IN PERSON        ,AIR       , requests maintain accordi
35363,1577,58,1,3,4435.71,0.05,0.07,N,O,1997-03-15,1997-01-24,1997-03-16,DELIVER IN PERSON        ,AIR       ,ites mold slyly. fluffily 
35524,484,43,1,1,1384.48,0.09,0.08,N,O,1997-08-16,1997-08-19,1997-08-19,DELIVER IN PERSON        ,AIR       ,excuses. courts cajole
35680,867,34,2,8,14142.88,0.04,0.05,N,O,1996-03-23,1996-05-01,1996-04-08,DELIVER IN PERSON        ,AIR       ,"longside of the ironic, unusual plat"
35776,1971,60,2,11,20602.67,0.02,0.08,R,F,1994-02-07,1994-03-07,1994-02-25,DELIVER IN PERSON        ,AIR       , to the special dolphins 
35840,712,13,1,7,11288.97,0.08,0.02,R,F,1993-08-19,1993-07-22,1993-09-05,DELIVER IN PERSON        ,AIR       ,counts according to the quickly e
35908,290,45,1,6,7141.74,0.09,0.00,R,F,1994-01-18,1994-02-07,1994-02-13,DELIVER IN PERSON        ,AIR       ,e courts sleep across 
35942,1426,66,7,9,11946.78,0.05,0.06,N,O,1997-12-16,1997-10-28,1998-01-05,DELIVER IN PERSON        ,AIR       , cajole. depende
36001,1343,82,4,3,3733.02,0.06,0.08,R,F,1995-05-01,1995-05-12,1995-05-08,DELIVER IN PERSON        ,AIR       ,usly regular platelets
36002,178,31,4,6,6469.02,0.00,0.00,R,F,1993-05-29,1993-07-10,1993-06-18,DELIVER IN PERSON        ,AIR       ,after the quickly regular deposits. ironi
36006,465,53,2,8,10923.68,0.07,0.06,N,O,1996-02-08,1996-01-11,1996-02-28,DELIVER IN PERSON        ,AIR       , haggle. blithely 
36033,1446,86,1,4,5389.76,0.09,0.01,A,F,1995-03-11,1995-02-25,1995-03-19,DELIVER IN PERSON        ,AIR       ,lyly fluffy instructions nag furio
36069,81,82,1,5,4905.40,0.09,0.06,A,F,1995-02-13,1995-01-27,1995-02-14,DELIVER IN PERSON        ,AIR       ,le blithely pending pinto 
36352,1209,21,1,10,11102.00,0.10,0.07,A,F,1995-04-26,1995-05-30,1995-05-20,DELIVER IN PERSON        ,AIR       , unusual platel
36421,293,75,4,10,11932.90,0.03,0.05,N,O,1996-06-19,1996-07-05,1996-07-01,DELIVER IN PERSON        ,AIR       ,pinto bean
36450,941,44,4,4,7367.76,0.00,0.06,N,O,1997-12-27,1998-02-18,1998-01-14,DELIVER IN PERSON        ,AIR       , foxes affix blithe
36546,675,76,5,11,17332.37,0.02,0.02,N,O,1996-04-30,1996-05-27,1996-05-11,DELIVER IN PERSON        ,AIR       ,ggle furiously regular foxes. courts 
37379,777,42,5,10,16777.70,0.07,0.00,N,O,1996-09-13,1996-09-02,1996-09-22,DELIVER IN PERSON        ,AIR       ,slyly even requests above the furiously b
37411,354,83,3,2,2508.70,0.04,0.08,N,O,1997-03-19,1997-03-14,1997-04-02,DELIVER IN PERSON        ,AIR       ,"aggle fluffily. unusual, "
37607,311,96,4,6,7267.86,0.07,0.06,N,O,1997-10-25,1997-10-24,1997-11-03,DELIVER IN PERSON        ,AIR       ,ake. blithely careful packages engag
37731,155,34,4,10,10551.50,0.09,0.07,R,F,1994-11-07,1994-12-29,1994-12-04,DELIVER IN PERSON        ,AIR       ,ts. deposits haggle fluffily
37793,538,99,3,2,2877.06,0.09,0.03,A,F,1995-03-10,1994-12-30,1995-03-15,DELIVER IN PERSON        ,AIR       ,ong the quickly ironic instructions. 
38080,1144,53,1,1,1045.14,0.02,0.01,R,F,1995-01-08,1994-11-18,1995-01-30,DELIVER IN PERSON        ,AIR       ,ronic requests. blithely unu
38182,1027,63,2,4,3712.08,0.08,0.03,A,F,1992-06-21,1992-07-02,1992-07-14,DELIVER IN PERSON        ,AIR       ,sly regular ideas cajole. acc
38530,481,40,4,4,5525.92,0.08,0.01,R,F,1995-05-24,1995-06-11,1995-05-25,DELIVER IN PERSON        ,AIR       ,ely ironic accounts use. regular dolphins
38597,1802,89,1,11,18741.80,0.09,0.06,R,F,1992-04-11,1992-03-12,1992-04-28,DELIVER IN PERSON        ,AIR       ,hely regular pinto beans s
38790,1934,23,3,10,18359.30,0.05,0.01,N,O,1996-02-01,1996-03-30,1996-02-29,DELIVER IN PERSON        ,AIR       , blithely among the sl
38947,1476,55,4,5,6887.35,0.04,0.07,R,F,1995-02-26,1995-01-23,1995-03-14,DELIVER IN PERSON        ,AIR       ,g to the bold pinto beans hinder sly
38951,293,75,6,2,2386.58,0.06,0.04,N,O,1997-05-03,1997-05-17,1997-05-29,DELIVER IN PERSON        ,AIR       , furiously regular theodolites across the 
39111,1247,22,2,8,9185.92,0.04,0.07,N,O,1995-09-14,1995-10-02,1995-10-11,DELIVER IN PERSON        ,AIR       ,"old, ironic pinto "
39139,1719,62,2,9,14586.39,0.01,0.01,R,F,1993-12-12,1993-12-26,1993-12-20,DELIVER IN PERSON        ,AIR       ,silent requests. regular instructi
39169,1107,44,1,10,10081.00,0.06,0.06,N,O,1995-09-16,1995-10-01,1995-10-03,DELIVER IN PERSON        ,AIR       ,fully. flu
39172,1286,98,3,10,11872.80,0.04,0.06,R,F,1993-07-08,1993-07-31,1993-07-15,DELIVER IN PERSON        ,AIR       ,e slyly. quickly 
39366,586,17,7,3,4459.74,0.08,0.01,N,O,1997-09-06,1997-09-18,1997-09-16,DELIVER IN PERSON        ,AIR       ,uriously bold
39428,996,31,7,2,3793.98,0.02,0.07,N,O,1997-01-04,1997-02-16,1997-01-31,DELIVER IN PERSON        ,AIR       ,structions after the furiously pending 
40192,1954,99,4,3,5567.85,0.10,0.07,N,O,1998-09-20,1998-10-09,1998-09-28,DELIVER IN PERSON        ,AIR       ,out the blithely quiet pinto beans cajole 
40324,327,28,3,6,7363.92,0.02,0.00,N,O,1996-05-21,1996-03-13,1996-06-15,DELIVER IN PERSON        ,AIR       ,eans wake 
40544,40,41,6,1,940.04,0.00,0.08,A,F,1994-05-06,1994-05-21,1994-05-26,DELIVER IN PERSON        ,AIR       ,riously. slyly regu
40577,1661,85,3,4,6250.64,0.07,0.07,N,O,1998-03-25,1998-02-19,1998-04-24,DELIVER IN PERSON        ,AIR       ,its. requests after the caref
40739,73,24,2,5,4865.35,0.03,0.04,N,O,1998-08-15,1998-09-25,1998-08-16,DELIVER IN PERSON        ,AIR       ,integrate fluffily even account
40807,477,78,2,9,12397.23,0.05,0.08,A,F,1993-07-01,1993-06-13,1993-07-26,DELIVER IN PERSON        ,AIR       ,"ent packages. regular, busy requests cajo"
40930,1302,3,2,1,1203.30,0.09,0.03,N,O,1998-07-08,1998-08-19,1998-07-13,DELIVER IN PERSON        ,AIR       , ironic foxes
41477,600,61,1,6,9003.60,0.10,0.03,N,O,1998-06-17,1998-07-11,1998-06-24,DELIVER IN PERSON        ,AIR       ,lithely regular ex
41504,1238,50,2,3,3417.69,0.08,0.06,A,F,1993-02-03,1993-01-17,1993-02-19,DELIVER IN PERSON        ,AIR       ,ing to the 
41572,820,87,6,9,15487.38,0.10,0.03,N,O,1997-04-06,1997-05-17,1997-04-27,DELIVER IN PERSON        ,AIR       ,ons after the s
41733,1011,17,3,7,6384.07,0.00,0.07,N,O,1998-02-12,1997-12-30,1998-02-21,DELIVER IN PERSON        ,AIR       ,c accounts. ironic depo
41795,1196,97,3,10,10971.90,0.03,0.04,N,O,1996-10-09,1996-10-20,1996-10-28,DELIVER IN PERSON        ,AIR       ,"inal ideas about the ironic,"
41799,53,54,1,2,1906.10,0.05,0.03,A,F,1994-10-08,1994-08-23,1994-10-13,DELIVER IN PERSON        ,AIR       ,cies. special pinto bean
41891,1776,77,5,3,5033.31,0.00,0.02,N,O,1995-09-15,1995-08-08,1995-10-05,DELIVER IN PERSON        ,AIR       ,o beans. furiously express reques
41954,1539,20,3,9,12964.77,0.10,0.00,N,O,1996-07-14,1996-07-30,1996-08-12,DELIVER IN PERSON        ,AIR       , nag fluffily along the fluffily bo
42018,701,2,1,1,1601.70,0.10,0.07,N,O,1996-11-29,1996-11-12,1996-12-14,DELIVER IN PERSON        ,AIR       ,s boost accordin
42054,299,54,1,11,13192.19,0.03,0.08,A,F,1992-10-08,1992-12-12,1992-10-19,DELIVER IN PERSON        ,AIR       ,", regular requests are carefully. r"
42306,1438,56,2,9,12054.87,0.07,0.01,A,F,1992-10-11,1992-10-18,1992-10-29,DELIVER IN PERSON        ,AIR       ,uses. deposits de
42308,1236,37,2,10,11372.30,0.06,0.08,R,F,1994-08-26,1994-07-25,1994-09-16,DELIVER IN PERSON        ,AIR       ,ajole quickly fi
42434,222,4,2,3,3366.66,0.01,0.06,N,O,1998-01-24,1998-03-28,1998-01-25,DELIVER IN PERSON        ,AIR       , accounts above the 
42531,1475,93,7,8,11011.76,0.08,0.05,N,O,1996-08-31,1996-07-05,1996-09-17,DELIVER IN PERSON        ,AIR       ,usily even 
42631,1600,21,3,11,16517.60,0.10,0.04,A,F,1994-08-28,1994-06-16,1994-09-22,DELIVER IN PERSON        ,AIR       ,ites about the slyly regular requests boos
42660,875,76,4,10,17758.70,0.05,0.04,N,O,1997-04-17,1997-03-26,1997-04-18,DELIVER IN PERSON        ,AIR       ,heodolites integrat
42882,1245,57,1,9,10316.16,0.03,0.04,A,F,1993-11-22,1994-01-11,1993-12-16,DELIVER IN PERSON        ,AIR       ,eep quickly fluffily b
43234,127,54,1,2,2054.24,0.02,0.05,N,O,1998-01-06,1997-12-21,1998-01-31,DELIVER IN PERSON        ,AIR       ,round the furiously regular instructions
43395,132,85,1,4,4128.52,0.07,0.07,N,O,1996-03-20,1996-02-16,1996-04-12,DELIVER IN PERSON        ,AIR       ,aggle. carefully brave accounts print car
43713,383,12,3,7,8983.66,0.01,0.00,A,F,1993-01-04,1992-10-18,1993-01-31,DELIVER IN PERSON        ,AIR       ,ar courts boost blithely. ca
43842,399,56,5,8,10395.12,0.01,0.06,R,F,1994-05-12,1994-03-26,1994-06-10,DELIVER IN PERSON        ,AIR       ,uffily express ideas. final deposits so
44322,369,54,4,3,3808.08,0.00,0.07,N,O,1996-02-06,1995-12-10,1996-02-28,DELIVER IN PERSON        ,AIR       ,oxes wake fl
44901,504,5,2,6,8427.00,0.07,0.07,N,O,1997-04-23,1997-03-17,1997-05-16,DELIVER IN PERSON        ,AIR       ," unusual ideas cajole ironic, unusual pin"
44929,273,28,2,10,11732.70,0.00,0.07,A,F,1993-09-20,1993-09-15,1993-10-18,DELIVER IN PERSON        ,AIR       ,"se quickly regular, express instruct"
44995,612,75,2,7,10588.27,0.02,0.08,R,F,1994-11-17,1994-10-03,1994-11-25,DELIVER IN PERSON        ,AIR       ,l requests cajole blithely package
45120,360,61,5,1,1260.36,0.07,0.05,A,F,1994-07-10,1994-07-02,1994-07-15,DELIVER IN PERSON        ,AIR       , above the slyly pending ideas boost furio
45187,1344,45,4,7,8717.38,0.08,0.05,R,F,1994-01-09,1993-12-27,1994-01-14,DELIVER IN PERSON        ,AIR       , the slyly un
45223,1399,76,1,1,1300.39,0.09,0.04,N,O,1996-12-27,1996-12-02,1997-01-08,DELIVER IN PERSON        ,AIR       ,courts wake slyly. even accounts 
45345,1027,28,1,4,3712.08,0.05,0.04,A,F,1993-10-26,1993-09-18,1993-11-04,DELIVER IN PERSON        ,AIR       ,efully across the carefully pendi
45504,1966,55,1,7,13075.72,0.07,0.01,R,F,1992-12-08,1992-10-12,1993-01-02,DELIVER IN PERSON        ,AIR       , the theodolites. even accounts hag
45538,1028,34,6,3,2787.06,0.07,0.08,N,O,1997-10-25,1997-10-21,1997-11-13,DELIVER IN PERSON        ,AIR       ,quickly ironic fox
45607,495,83,1,5,6977.45,0.03,0.00,N,O,1998-02-10,1998-02-02,1998-03-02,DELIVER IN PERSON        ,AIR       ," the final requests. pending, iron"
45794,1139,12,6,10,10401.30,0.07,0.03,N,O,1995-09-27,1995-10-28,1995-09-29,DELIVER IN PERSON        ,AIR       ,heodolites use special instructions: furiou
45922,707,72,3,11,17684.70,0.02,0.05,A,F,1993-11-21,1994-01-14,1993-12-06,DELIVER IN PERSON        ,AIR       ,"en, ironic dolphins. slowly ironic"
45955,917,52,1,9,16361.19,0.06,0.04,N,O,1998-10-12,1998-10-03,1998-10-15,DELIVER IN PERSON        ,AIR       ,ronic packages. blithely final in
46244,563,64,4,1,1463.56,0.01,0.02,R,F,1994-08-08,1994-08-15,1994-08-21,DELIVER IN PERSON        ,AIR       ,ffily ironic requests hag
46273,413,14,2,8,10507.28,0.01,0.06,N,O,1997-10-05,1997-10-03,1997-10-16,DELIVER IN PERSON        ,AIR       ,riously furiously final request
46434,739,72,1,3,4919.19,0.03,0.06,A,F,1993-05-05,1993-06-24,1993-05-14,DELIVER IN PERSON        ,AIR       ,gular request
46852,601,64,3,6,9009.60,0.09,0.02,A,F,1992-02-24,1992-04-23,1992-03-19,DELIVER IN PERSON        ,AIR       ,ourts wake slyly along the qu
46883,1348,25,1,7,8745.38,0.10,0.04,N,O,1997-06-14,1997-07-14,1997-07-07,DELIVER IN PERSON        ,AIR       ,lly even foxes according
46887,1242,17,1,11,12575.64,0.04,0.06,N,O,1997-09-03,1997-11-24,1997-09-18,DELIVER IN PERSON        ,AIR       ,eodolites boost carefully quickly b
47207,637,31,5,1,1537.63,0.10,0.00,A,F,1995-01-28,1995-03-09,1995-02-15,DELIVER IN PERSON        ,AIR       ,s eat blithely. accounts nag car
47267,1960,61,1,10,18619.60,0.03,0.05,R,F,1994-04-26,1994-02-17,1994-05-13,DELIVER IN PERSON        ,AIR       ,"he ironic, bold dependencies. b"
47270,977,12,6,1,1877.97,0.00,0.05,A,F,1993-10-22,1993-10-21,1993-11-11,DELIVER IN PERSON        ,AIR       ,"es nag. bold, exp"
47495,1236,37,4,5,5686.15,0.08,0.02,N,O,1995-11-02,1995-10-01,1995-11-23,DELIVER IN PERSON        ,AIR       ,after the carefully
47524,1257,95,1,5,5791.25,0.10,0.06,A,F,1993-06-21,1993-07-14,1993-07-01,DELIVER IN PERSON        ,AIR       ,bold instruct
47621,1796,81,2,2,3395.58,0.07,0.07,A,F,1994-11-03,1994-08-25,1994-11-04,DELIVER IN PERSON        ,AIR       , final foxes. 
47718,668,31,4,3,4705.98,0.04,0.08,N,O,1996-04-15,1996-06-16,1996-04-16,DELIVER IN PERSON        ,AIR       ,carefully after the s
47810,456,57,1,11,14920.95,0.10,0.02,N,O,1995-12-05,1995-10-19,1995-12-29,DELIVER IN PERSON        ,AIR       ,e regular asymptot
47937,1080,81,4,4,3924.32,0.01,0.01,R,F,1993-09-13,1993-11-18,1993-10-03,DELIVER IN PERSON        ,AIR       ,ut the furi
48006,1142,15,1,4,4172.56,0.10,0.07,A,F,1992-10-03,1992-09-14,1992-10-22,DELIVER IN PERSON        ,AIR       ,ual deposits wake along th
48320,1406,24,3,9,11766.60,0.05,0.00,N,O,1996-01-25,1996-01-15,1996-02-11,DELIVER IN PERSON        ,AIR       ,the bold accounts sublate slyly a
48390,1890,77,2,7,12543.23,0.03,0.07,R,F,1993-08-12,1993-09-10,1993-08-31,DELIVER IN PERSON        ,AIR       ,ugouts according to the theodolit
48453,1459,38,1,1,1360.45,0.03,0.00,R,F,1994-11-08,1994-09-04,1994-11-22,DELIVER IN PERSON        ,AIR       ,hin accounts cajole slowly. regularly
48674,1577,78,4,1,1478.57,0.09,0.04,N,O,1996-04-04,1996-03-16,1996-05-04,DELIVER IN PERSON        ,AIR       ,he slyly regular platelets? caref
48711,615,78,2,3,4546.83,0.07,0.05,N,O,1997-08-07,1997-06-30,1997-09-01,DELIVER IN PERSON        ,AIR       ,uickly unusual deposits boost sly
48867,801,1,2,1,1701.80,0.08,0.02,N,O,1998-05-07,1998-04-12,1998-05-14,DELIVER IN PERSON        ,AIR       ,sts. ironic realms 
49031,243,25,4,10,11432.40,0.04,0.08,N,O,1997-09-01,1997-09-10,1997-09-08,DELIVER IN PERSON        ,AIR       ,"g, unusual asymptotes. quickly expr"
49092,1837,81,7,9,15649.47,0.02,0.08,N,O,1998-01-18,1998-01-23,1998-02-16,DELIVER IN PERSON        ,AIR       ,eposits above the regular depend
49216,763,28,3,8,13310.08,0.08,0.04,R,F,1994-04-15,1994-05-01,1994-05-03,DELIVER IN PERSON        ,AIR       ,ter the fluffily pending foxes. carefull
49381,58,34,1,10,9580.50,0.02,0.08,A,F,1993-02-24,1993-01-13,1993-03-19,DELIVER IN PERSON        ,AIR       ,against the furiously final accounts. b
49472,173,26,3,9,9658.53,0.04,0.03,A,F,1993-09-25,1993-10-03,1993-09-29,DELIVER IN PERSON        ,AIR       ,es boost furiously according to 
49921,932,67,7,1,1832.93,0.01,0.08,R,F,1995-04-29,1995-04-24,1995-05-08,DELIVER IN PERSON        ,AIR       ,p; quickly pending deposits among th
50114,961,96,5,11,20481.56,0.06,0.02,N,O,1997-03-18,1997-01-24,1997-04-05,DELIVER IN PERSON        ,AIR       ,ly special t
50176,868,68,4,4,7075.44,0.10,0.06,R,F,1993-03-31,1993-04-14,1993-04-23,DELIVER IN PERSON        ,AIR       ,uriously. blithel
50369,2000,89,5,9,8118.00,0.02,0.02,N,O,1998-02-16,1998-04-30,1998-03-04,DELIVER IN PERSON        ,AIR       ,ven requests. unusual instr
50468,11,37,2,8,7288.08,0.03,0.03,R,F,1992-02-22,1992-04-10,1992-03-20,DELIVER IN PERSON        ,AIR       ,al ideas. deposits above the
50561,1865,66,1,9,15901.74,0.10,0.00,N,O,1998-08-24,1998-08-04,1998-09-22,DELIVER IN PERSON        ,AIR       ,r requests. blithely special theodol
50694,568,99,4,8,11748.48,0.00,0.04,N,O,1996-12-11,1996-10-18,1996-12-19,DELIVER IN PERSON        ,AIR       ,jole about the blithely regular depend
50852,558,89,4,6,8751.30,0.10,0.07,N,O,1995-07-27,1995-08-02,1995-07-28,DELIVER IN PERSON        ,AIR       ,g about the regular platelets. regular f
51138,1680,4,1,4,6326.72,0.05,0.04,N,O,1997-10-20,1997-10-19,1997-10-29,DELIVER IN PERSON        ,AIR       ,furiously special instructions. fu
51271,1926,59,3,3,5483.76,0.04,0.00,R,F,1994-01-17,1994-01-23,1994-01-27,DELIVER IN PERSON        ,AIR       ,fluffily furiously pen
51300,1637,61,1,1,1538.63,0.01,0.05,N,O,1995-11-24,1995-11-24,1995-12-21,DELIVER IN PERSON        ,AIR       ,blithe orbits. slyly ironic at
51429,1380,19,4,4,5125.52,0.06,0.03,N,O,1998-07-12,1998-06-26,1998-08-05,DELIVER IN PERSON        ,AIR       ,ely slyly regular deposits. caref
51491,885,85,2,7,12501.16,0.03,0.08,N,O,1998-03-22,1998-03-17,1998-03-30,DELIVER IN PERSON        ,AIR       ,he carefully silent accounts nod final de
51558,634,35,3,3,4603.89,0.08,0.01,R,F,1993-04-21,1993-06-25,1993-05-08,DELIVER IN PERSON        ,AIR       ,ly after the fluffily unusual theodol
51585,677,9,4,6,9466.02,0.08,0.06,N,O,1996-08-18,1996-06-23,1996-09-04,DELIVER IN PERSON        ,AIR       ,ickly. furiously ex
51714,876,77,4,4,7107.48,0.10,0.01,R,F,1994-09-24,1994-10-13,1994-09-30,DELIVER IN PERSON        ,AIR       , fluffily regular reques
51777,509,10,5,10,14095.00,0.04,0.06,A,F,1995-04-09,1995-05-09,1995-04-26,DELIVER IN PERSON        ,AIR       ,eposits. ca
51782,812,13,1,9,15415.29,0.09,0.06,R,F,1993-12-16,1993-10-18,1994-01-06,DELIVER IN PERSON        ,AIR       ,"y silent, regular packages. carefully r"
51941,38,14,2,8,7504.24,0.07,0.02,N,O,1996-03-22,1996-03-23,1996-04-09,DELIVER IN PERSON        ,AIR       ,ven theodolites sleep slyly pending fray
52071,998,1,1,4,7595.96,0.09,0.02,N,O,1995-12-21,1996-02-23,1996-01-18,DELIVER IN PERSON        ,AIR       ,"s. final deposits use among the bold, final"
52131,80,31,3,7,6860.56,0.05,0.03,N,O,1998-03-09,1998-01-30,1998-03-24,DELIVER IN PERSON        ,AIR       ,nd the furiously regular pains. furiously i
52162,857,57,6,3,5273.55,0.08,0.06,N,O,1995-12-24,1996-01-10,1996-01-05,DELIVER IN PERSON        ,AIR       ,ges wake acco
52260,141,94,1,8,8329.12,0.06,0.08,R,F,1993-07-08,1993-08-02,1993-07-21,DELIVER IN PERSON        ,AIR       ,", even depo"
52352,1457,36,5,5,6792.25,0.03,0.00,N,O,1997-05-03,1997-03-29,1997-05-22,DELIVER IN PERSON        ,AIR       ,refully ironically un
52448,1438,17,2,4,5357.72,0.05,0.06,R,F,1993-11-17,1993-11-22,1993-11-22,DELIVER IN PERSON        ,AIR       ,nly silent deposits haggle furi
52519,1377,92,2,9,11505.33,0.06,0.00,R,F,1992-07-16,1992-06-03,1992-08-04,DELIVER IN PERSON        ,AIR       ,ic platelets are. dependenci
52742,1926,27,1,7,12795.44,0.04,0.04,N,O,1995-08-19,1995-07-21,1995-09-04,DELIVER IN PERSON        ,AIR       ,latelets u
52802,1559,40,3,5,7302.75,0.08,0.05,N,O,1995-11-15,1995-12-16,1995-12-05,DELIVER IN PERSON        ,AIR       ,unts. spec
52834,308,9,3,4,4833.20,0.03,0.07,N,O,1998-03-28,1998-01-23,1998-03-31,DELIVER IN PERSON        ,AIR       ,yly final dugouts wake furiously q
52867,1979,80,2,3,5642.91,0.03,0.01,R,F,1994-09-21,1994-10-17,1994-09-23,DELIVER IN PERSON        ,AIR       , beans. sil
52898,197,98,4,6,6583.14,0.03,0.06,N,O,1996-04-01,1996-04-05,1996-04-05,DELIVER IN PERSON        ,AIR       ,nag carefully around the caref
52995,1655,56,1,11,17123.15,0.09,0.04,R,F,1992-03-29,1992-04-26,1992-04-24,DELIVER IN PERSON        ,AIR       ,ully ironic de
52995,5,56,2,7,6335.00,0.08,0.08,A,F,1992-06-20,1992-06-02,1992-07-12,DELIVER IN PERSON        ,AIR       ,dolites cajole furious
53028,1626,27,4,11,16803.82,0.08,0.06,N,O,1997-03-05,1997-04-10,1997-03-08,DELIVER IN PERSON        ,AIR       ,foxes. deposits sleep furio
53156,1505,26,1,3,4219.50,0.09,0.02,A,F,1992-03-25,1992-04-11,1992-04-03,DELIVER IN PERSON        ,AIR       ,"iers among the special, silent packa"
53159,888,22,4,11,19677.68,0.02,0.03,R,F,1992-03-31,1992-03-28,1992-04-22,DELIVER IN PERSON        ,AIR       ,y even theodolites. qu
53347,980,49,5,6,11285.88,0.04,0.03,N,O,1996-12-17,1997-02-16,1997-01-04,DELIVER IN PERSON        ,AIR       ,"p carefully express ideas. even, unusual "
53639,346,31,2,9,11217.06,0.05,0.02,N,O,1997-01-01,1996-11-30,1997-01-02,DELIVER IN PERSON        ,AIR       , ironic pinto beans. 
53702,1326,41,1,3,3681.96,0.09,0.07,R,F,1994-08-15,1994-06-10,1994-09-05,DELIVER IN PERSON        ,AIR       , special ideas print always. slyl
53926,419,20,3,11,14513.51,0.03,0.07,N,O,1996-10-07,1996-09-17,1996-11-06,DELIVER IN PERSON        ,AIR       , regular accounts wake furiously c
53927,327,56,2,3,3681.96,0.08,0.06,N,O,1995-10-07,1995-08-25,1995-11-03,DELIVER IN PERSON        ,AIR       ,s. careful
54118,830,30,2,2,3461.66,0.10,0.05,N,O,1998-06-22,1998-04-22,1998-07-22,DELIVER IN PERSON        ,AIR       ,rash. special epitaphs use sl
54240,1142,15,2,3,3129.42,0.08,0.07,N,O,1996-06-30,1996-07-15,1996-07-03,DELIVER IN PERSON        ,AIR       ,ggle quickly special platelets. platelets h
54401,858,58,1,3,5276.55,0.01,0.08,N,O,1996-02-18,1996-02-10,1996-03-03,DELIVER IN PERSON        ,AIR       ,l pinto beans haggle carefully against
54468,1905,6,6,2,3613.80,0.06,0.04,A,F,1994-12-21,1995-02-25,1995-01-10,DELIVER IN PERSON        ,AIR       ,ly. fluffily silent packages sleep furiou
54501,212,94,3,2,2224.42,0.01,0.06,A,F,1993-02-11,1993-01-11,1993-03-11,DELIVER IN PERSON        ,AIR       ,". ironic, pendi"
55202,977,78,1,1,1877.97,0.05,0.07,N,O,1995-12-19,1995-11-15,1996-01-05,DELIVER IN PERSON        ,AIR       ,quests maintain slyly patte
55680,187,14,1,6,6523.08,0.00,0.07,R,F,1992-09-02,1992-08-24,1992-09-29,DELIVER IN PERSON        ,AIR       ,". express, final notornis across t"
55941,743,8,3,10,16437.40,0.09,0.03,R,F,1995-06-04,1995-05-17,1995-06-16,DELIVER IN PERSON        ,AIR       ,otes. packages nag. quickly ironic dep
56003,1925,14,3,5,9134.60,0.05,0.01,R,F,1993-07-23,1993-05-31,1993-07-24,DELIVER IN PERSON        ,AIR       ,ong the requests sleep furiou
56064,15,91,4,1,915.01,0.01,0.02,A,F,1994-11-10,1995-01-08,1994-11-16,DELIVER IN PERSON        ,AIR       ,ges. ironic 
56098,1292,4,4,4,4773.16,0.01,0.07,N,O,1997-01-24,1997-02-25,1997-02-13,DELIVER IN PERSON        ,AIR       ,ng platelets. furiously iro
56130,869,36,6,7,12389.02,0.00,0.07,N,O,1996-02-07,1996-01-20,1996-03-07,DELIVER IN PERSON        ,AIR       ,e furiously final multipliers. fina
56133,351,52,3,2,2502.70,0.09,0.05,N,O,1996-06-10,1996-06-15,1996-07-05,DELIVER IN PERSON        ,AIR       ,ing to the carefully ironic dependencies. 
56135,224,52,2,1,1124.22,0.08,0.04,R,F,1993-12-08,1994-02-01,1994-01-06,DELIVER IN PERSON        ,AIR       , nag quickly above the even packa
56483,1262,74,2,8,9306.08,0.09,0.00,A,F,1994-05-17,1994-05-17,1994-05-18,DELIVER IN PERSON        ,AIR       ,en instructions su
56546,229,30,2,10,11292.20,0.05,0.01,N,O,1997-11-15,1997-11-27,1997-12-09,DELIVER IN PERSON        ,AIR       ,into beans. carefully final ideas na
56673,1205,6,1,10,11062.00,0.06,0.03,R,F,1993-04-25,1993-04-10,1993-05-17,DELIVER IN PERSON        ,AIR       , the slyly regular dolphins; regul
56996,762,59,5,2,3325.52,0.00,0.05,N,O,1996-06-25,1996-05-20,1996-07-18,DELIVER IN PERSON        ,AIR       ,sts cajole carefully! express
57057,1888,75,2,1,1789.88,0.05,0.02,A,F,1992-07-15,1992-05-29,1992-08-09,DELIVER IN PERSON        ,AIR       ,"ze bold, regul"
57187,1227,2,4,10,11282.20,0.03,0.02,N,O,1998-03-26,1998-06-08,1998-04-14,DELIVER IN PERSON        ,AIR       ,ithely final foxes are blithely e
57671,909,12,5,8,14479.20,0.10,0.06,A,F,1992-12-13,1993-01-04,1992-12-23,DELIVER IN PERSON        ,AIR       ,ithely pending theodolites.
57732,980,83,5,11,20690.78,0.10,0.05,N,O,1996-06-30,1996-07-07,1996-07-12,DELIVER IN PERSON        ,AIR       ,l requests. slyly unusual 
57762,1202,77,1,1,1103.20,0.10,0.06,R,F,1994-12-10,1995-01-16,1995-01-06,DELIVER IN PERSON        ,AIR       ,s detect. slyly ironic depo
57767,286,68,4,1,1186.28,0.04,0.03,A,F,1992-06-27,1992-05-30,1992-07-15,DELIVER IN PERSON        ,AIR       ,refully ironic dugouts detec
58019,762,59,2,1,1662.76,0.03,0.01,R,F,1992-03-17,1992-04-09,1992-04-16,DELIVER IN PERSON        ,AIR       ,ravely along the regular requ
58023,1334,49,5,7,8647.31,0.05,0.04,N,O,1996-12-10,1996-10-17,1996-12-16,DELIVER IN PERSON        ,AIR       ,ctions; instructions across the i
58405,357,58,1,2,2514.70,0.09,0.08,N,O,1998-10-30,1998-10-21,1998-11-10,DELIVER IN PERSON        ,AIR       ,slyly above the 
58432,220,2,2,5,5601.10,0.06,0.01,A,F,1994-06-27,1994-07-17,1994-07-15,DELIVER IN PERSON        ,AIR       ,elets sublate
58471,444,32,4,6,8066.64,0.08,0.01,N,O,1997-03-30,1997-03-13,1997-04-01,DELIVER IN PERSON        ,AIR       ,egular instructions sleep furiously after
58501,694,88,6,8,12757.52,0.04,0.06,N,O,1996-07-22,1996-08-06,1996-08-08,DELIVER IN PERSON        ,AIR       ,final accounts. some
58919,559,20,1,6,8757.30,0.06,0.00,N,O,1996-12-13,1996-12-12,1996-12-21,DELIVER IN PERSON        ,AIR       , enticing packages cajole slyly
58977,431,32,1,6,7988.58,0.09,0.01,A,F,1994-12-21,1995-01-03,1994-12-26,DELIVER IN PERSON        ,AIR       ,carefully pendi
59014,187,66,2,7,7610.26,0.05,0.07,N,O,1996-08-06,1996-06-10,1996-08-24,DELIVER IN PERSON        ,AIR       , after the packages. blithely ironi
59174,255,10,1,6,6931.50,0.06,0.08,A,F,1993-03-14,1993-02-22,1993-03-20,DELIVER IN PERSON        ,AIR       , blithely across the slyly 
59301,742,7,3,6,9856.44,0.05,0.07,N,O,1997-01-24,1996-12-05,1997-01-25,DELIVER IN PERSON        ,AIR       ,s are quickly. fluffily regular 
59301,1131,32,6,11,11353.43,0.10,0.02,N,O,1997-01-16,1997-01-19,1997-01-17,DELIVER IN PERSON        ,AIR       ,old excuses. even asympt
59430,428,87,1,5,6642.10,0.06,0.01,N,O,1997-11-21,1997-10-30,1997-12-01,DELIVER IN PERSON        ,AIR       ,"ironic, daring exc"
59584,806,6,4,2,3413.60,0.05,0.08,A,F,1993-09-23,1993-08-04,1993-10-16,DELIVER IN PERSON        ,AIR       ,lites. close pa
59616,64,90,3,11,10604.66,0.02,0.01,N,O,1997-06-13,1997-07-01,1997-07-06,DELIVER IN PERSON        ,AIR       ,bold theodolites. quickly 
59621,788,21,4,1,1688.78,0.01,0.08,N,O,1997-06-27,1997-07-03,1997-06-28,DELIVER IN PERSON        ,AIR       ,heodolites sleep. slyly re
59650,956,91,2,7,12998.65,0.03,0.00,A,F,1993-03-04,1993-02-06,1993-04-02,DELIVER IN PERSON        ,AIR       ,y according to the pending foxe
59682,1823,53,1,5,8624.10,0.07,0.00,N,O,1996-05-25,1996-05-30,1996-06-11,DELIVER IN PERSON        ,AIR       ,ickly. fluffily regular accounts maintai
59781,1936,25,5,6,11027.58,0.05,0.04,R,F,1993-02-23,1993-01-13,1993-03-23,DELIVER IN PERSON        ,AIR       ,inst the regular pains. fu
59905,1640,41,2,7,10791.48,0.00,0.04,A,F,1992-06-15,1992-06-05,1992-07-09,DELIVER IN PERSON        ,AIR       ,to beans lose among the blithely final
59906,248,30,5,11,12630.64,0.10,0.08,A,F,1993-06-30,1993-06-24,1993-07-27,DELIVER IN PERSON        ,AIR       ,ccording to the furiously
